{
  "project_info": {
    "project_number": "650815382789",
    "firebase_url": "https://my-app-c7e63.firebaseio.com",
    "project_id": "my-app-c7e63",
    "storage_bucket": "my-app-c7e63.appspot.com"
  },
  "client": [
    {
      "client_info": {
        "mobilesdk_app_id": "1:650815382789:android:d022a7a5466fa05e51036c",
        "android_client_info": {
          "package_name": "apps.roshan.com.myapplication"
        }
      },
      "oauth_client": [
        {
          "client_id": "650815382789-aqk40k9pmhd1lou9p9cfeggj0f53f1r8.apps.googleusercontent.com",
          "client_type": 3
        }
      ],
      "api_key": [
        {
          "current_key": "AIzaSyCNvMGlm7sRlOB34L0ghF22j6seRZIs9FQ"
        }
      ],
      "services": {
        "appinvite_service": {
          "other_platform_oauth_client": [
            {
              "client_id": "650815382789-aqk40k9pmhd1lou9p9cfeggj0f53f1r8.apps.googleusercontent.com",
              "client_type": 3
            }
          ]
        }
      }
    }
  ],
  "configuration_version": "1"
}